{
"xs": [
-8.10483870967742,
-5.806451612903227,
-2.862903225806452,
-1.7741935483870979,
1.6935483870967722,
2.782258064516128,
5.362903225806452,
1.451612903225806,
-0.04032258064516192,
-3.790322580645162,
-5.000000000000002,
-7.500000000000001,
-4.395161290322582,
-1.5725806451612918,
-1.7763568394002505e-15,
5.04032258064516,
-5.846774193548388,
8.024193548387096,
5.362903225806452,
9.838709677419352,
8.064516129032256,
6.572580645161288,
3.0645161290322562,
2.903225806451612,
-0.1612903225806459,
-1.9354838709677438,
-4.072580645161292,
-5.564516129032259,
-5.080645161290324
],
"ys": [
-3.425324675324675,
-2.045454545454545,
-1.9642857142857144,
-0.3679653679653674,
-0.4761904761904754,
2.6352813852813863,
3.0952380952380967,
1.3636363636363642,
-0.7196969696969688,
-1.3149350649350646,
-2.911255411255411,
-2.2348484848484844,
-0.5032467532467528,
-0.07034632034631993,
1.8777056277056285,
3.879870129870131,
3.176406926406928,
-0.9090909090909083,
1.0660173160173168,
3.555194805194807,
3.933982683982684,
2.2023809523809526,
2.067099567099568,
0.06493506493506551,
0.25432900432900496,
0.6331168831168839,
-1.5313852813852806,
-2.1807359307359304,
-0.8279220779220777
]
}