{
"xs": [
-8.870967741935484,
-7.096774193548388,
-4.879032258064518,
-2.540322580645162,
-0.4032258064516139,
0.887096774193548,
2.983870967741936,
5.483870967741936,
6.93548387096774,
8.508064516129032
],
"ys": [
-3.75,
-2.316017316017316,
-1.341991341991342,
-0.7196969696969688,
-0.12445887445887394,
0.4978354978354984,
1.4718614718614722,
2.3106060606060606,
2.932900432900434,
3.6904761904761916
]
}